V12,CollegeGrad,Service,Race_Asian NH,Race_Black NH,Race_White NH
6.0,51.0,156.0,0,0,0
70.0,1541.0,489.0,1,0,0
1020.0,1936.0,9125.0,0,1,0
41.0,275.0,345.0,0,0,0
8512.0,55667.0,49347.0,0,0,1
37.0,126.0,219.0,0,0,0
183.0,1898.0,981.0,1,0,0
744.0,1991.0,6038.0,0,1,0
87.0,1032.0,1238.0,0,0,0
9985.0,77328.0,58796.0,0,0,1
231.0,1041.0,1983.0,0,0,0
171.0,966.0,624.0,1,0,0
105.0,663.0,972.0,0,1,0
2826.0,6885.0,19515.0,0,0,0
3564.0,41649.0,18621.0,0,0,1
18.0,105.0,113.0,0,0,0
271.0,810.0,339.0,1,0,0
131.0,538.0,1383.0,0,1,0
405.0,828.0,2411.0,0,0,0
7268.0,46580.0,40165.0,0,0,1
96.0,395.0,375.0,0,0,0
1075.0,7031.0,4388.0,1,0,0
10945.0,52306.0,80819.0,0,1,0
841.0,5416.0,6019.0,0,0,0
32873.0,272629.0,98606.0,0,0,1
146.0,268.0,317.0,0,0,0
100.0,2928.0,2120.0,1,0,0
1053.0,4460.0,11023.0,0,1,0
2508.0,7413.0,15652.0,0,0,0
7493.0,88384.0,34201.0,0,0,1
110.0,154.0,552.0,0,0,0
307.0,1204.0,1364.0,1,0,0
339.0,966.0,3122.0,0,1,0
2616.0,1719.0,10492.0,0,0,0
5738.0,26942.0,25481.0,0,0,1
156.0,567.0,839.0,0,0,0
902.0,6054.0,4098.0,1,0,0
9354.0,29840.0,81236.0,0,1,0
520.0,2535.0,2517.0,0,0,0
25612.0,198538.0,107834.0,0,0,1
24.0,87.0,108.0,0,0,0
39.0,906.0,450.0,1,0,0
3177.0,6543.0,21327.0,0,1,0
165.0,765.0,765.0,0,0,0
5565.0,39828.0,19452.0,0,0,1
114.0,106.0,315.0,0,0,0
93.0,497.0,418.0,1,0,0
3902.0,11042.0,30728.0,0,1,0
42.0,347.0,125.0,0,0,0
9578.0,62338.0,27929.0,0,0,1
77.0,645.0,1511.0,0,0,0
1382.0,15297.0,10635.0,1,0,0
3193.0,14378.0,27253.0,0,1,0
1759.0,7968.0,18745.0,0,0,0
36368.0,375084.0,173270.0,0,0,1
51.0,281.0,842.0,0,0,0
296.0,1485.0,609.0,1,0,0
2055.0,4533.0,15392.0,0,1,0
272.0,1019.0,1855.0,0,0,0
11750.0,79816.0,69755.0,0,0,1
69.0,126.0,411.0,0,0,0
144.0,1275.0,1131.0,1,0,0
3306.0,10215.0,27105.0,0,1,0
90.0,693.0,792.0,0,0,0
12414.0,98328.0,48336.0,0,0,1
195.0,807.0,1086.0,0,0,0
4848.0,45786.0,17325.0,1,0,0
21372.0,64059.0,130686.0,0,1,0
13023.0,20496.0,66465.0,0,0,0
64233.0,548484.0,248304.0,0,0,1
0.0,90.0,203.0,0,0,0
295.0,620.0,306.0,1,0,0
2401.0,3841.0,12214.0,0,1,0
1302.0,1279.0,4076.0,0,0,0
7157.0,28499.0,35892.0,0,0,1
99.0,187.0,396.0,0,0,0
259.0,2206.0,898.0,1,0,0
2858.0,7504.0,26109.0,0,1,0
122.0,1188.0,781.0,0,0,0
18277.0,112428.0,80454.0,0,0,1
112.0,195.0,448.0,0,0,0
462.0,3776.0,1860.0,1,0,0
5622.0,12243.0,41477.0,0,1,0
796.0,1740.0,2578.0,0,0,0
21056.0,142147.0,96315.0,0,0,1
33.0,168.0,156.0,0,0,0
66.0,675.0,474.0,1,0,0
2433.0,8373.0,19797.0,0,1,0
81.0,348.0,333.0,0,0,0
4743.0,43332.0,19020.0,0,0,1
103.0,196.0,468.0,0,0,0
322.0,2825.0,2021.0,1,0,0
2683.0,8076.0,23070.0,0,1,0
117.0,1097.0,851.0,0,0,0
17939.0,129720.0,88411.0,0,0,1
243.0,747.0,1030.0,0,0,0
1445.0,11420.0,5900.0,1,0,0
7315.0,23528.0,54138.0,0,1,0
7040.0,11323.0,43241.0,0,0,0
32618.0,279134.0,105720.0,0,0,1
59.0,453.0,319.0,0,0,0
598.0,4275.0,2330.0,1,0,0
2129.0,8179.0,19773.0,0,1,0
2391.0,5263.0,12701.0,0,0,0
12987.0,116680.0,60068.0,0,0,1
58.0,125.0,329.0,0,0,0
274.0,1238.0,605.0,1,0,0
1919.0,6419.0,15600.0,0,1,0
83.0,510.0,405.0,0,0,0
10945.0,66753.0,58009.0,0,0,1
228.0,618.0,1503.0,0,0,0
675.0,4332.0,3708.0,1,0,0
1800.0,6450.0,12432.0,0,1,0
3687.0,7206.0,25938.0,0,0,0
18585.0,188331.0,97062.0,0,0,1
505.0,384.0,2128.0,0,0,0
1320.0,10174.0,4271.0,1,0,0
16361.0,32616.0,102875.0,0,1,0
1351.0,3487.0,6847.0,0,0,0
56620.0,297023.0,248252.0,0,0,1
0.0,14.0,105.0,0,0,0
61.0,793.0,585.0,1,0,0
238.0,1275.0,1607.0,0,1,0
8665.0,12968.0,33351.0,0,0,0
2215.0,21151.0,8857.0,0,0,1
41.0,249.0,338.0,0,0,0
338.0,2433.0,2031.0,1,0,0
4105.0,7653.0,28553.0,0,1,0
2173.0,6957.0,12060.0,0,0,0
13328.0,98566.0,70282.0,0,0,1
34.0,86.0,112.0,0,0,0
48.0,148.0,323.0,1,0,0
539.0,515.0,3527.0,0,1,0
158.0,451.0,1452.0,0,0,0
4164.0,26802.0,24120.0,0,0,1
146.0,140.0,706.0,0,0,0
1201.0,3937.0,3483.0,1,0,0
617.0,1462.0,3327.0,0,1,0
4472.0,4377.0,16877.0,0,0,0
5488.0,37642.0,24189.0,0,0,1
126.0,121.0,484.0,0,0,0
223.0,853.0,818.0,1,0,0
910.0,1184.0,4862.0,0,1,0
666.0,392.0,2433.0,0,0,0
10326.0,58778.0,49061.0,0,0,1
24.0,162.0,297.0,0,0,0
228.0,957.0,363.0,1,0,0
2877.0,10341.0,23223.0,0,1,0
21.0,549.0,384.0,0,0,0
11184.0,74109.0,41952.0,0,0,1
18.0,45.0,114.0,0,0,0
114.0,444.0,249.0,1,0,0
1653.0,3177.0,13803.0,0,1,0
87.0,534.0,378.0,0,0,0
6609.0,44316.0,28350.0,0,0,1
0.0,7.0,122.0,0,0,0
137.0,547.0,387.0,1,0,0
723.0,1496.0,4492.0,0,1,0
194.0,266.0,1346.0,0,0,0
7223.0,48657.0,43007.0,0,0,1
0.0,104.0,271.0,0,0,0
195.0,1356.0,643.0,1,0,0
1089.0,3143.0,9443.0,0,1,0
1013.0,1406.0,5467.0,0,0,0
7599.0,58553.0,24536.0,0,0,1
37.0,231.0,504.0,0,0,0
8141.0,55417.0,57537.0,1,0,0
316.0,1485.0,1508.0,0,1,0
1111.0,2129.0,5657.0,0,0,0
3233.0,34517.0,17913.0,0,0,1
161.0,893.0,1423.0,0,0,0
1963.0,19398.0,8821.0,1,0,0
9906.0,36889.0,72771.0,0,1,0
12890.0,19539.0,80869.0,0,0,0
35604.0,286834.0,101792.0,0,0,1
80.0,107.0,329.0,0,0,0
233.0,1449.0,1180.0,1,0,0
2767.0,6995.0,24220.0,0,1,0
228.0,1040.0,1186.0,0,0,0
16833.0,108092.0,79424.0,0,0,1
24.0,62.0,218.0,0,0,0
394.0,1401.0,1295.0,1,0,0
2798.0,7768.0,21375.0,0,1,0
319.0,1326.0,1187.0,0,0,0
6998.0,48221.0,30876.0,0,0,1
169.0,481.0,1150.0,0,0,0
419.0,1689.0,1643.0,1,0,0
3155.0,9112.0,27104.0,0,1,0
677.0,2329.0,4314.0,0,0,0
19492.0,152017.0,91307.0,0,0,1
39.0,66.0,294.0,0,0,0
15.0,732.0,348.0,1,0,0
504.0,2112.0,5886.0,0,1,0
51.0,405.0,372.0,0,0,0
8580.0,49905.0,45294.0,0,0,1
160.0,270.0,1239.0,0,0,0
642.0,2646.0,8454.0,1,0,0
1171.0,2333.0,15695.0,0,1,0
1466.0,2133.0,19075.0,0,0,0
8688.0,39572.0,77519.0,0,0,1
0.0,0.0,91.0,0,0,0
0.0,96.0,427.0,1,0,0
1782.0,4705.0,11497.0,0,1,0
29.0,454.0,477.0,0,0,0
5116.0,34122.0,20765.0,0,0,1
809.0,3174.0,4527.0,0,0,0
15728.0,169004.0,58997.0,1,0,0
13448.0,59851.0,90957.0,0,1,0
60763.0,72160.0,321180.0,0,0,0
71721.0,546660.0,202222.0,0,0,1
0.0,114.0,401.0,0,0,0
83.0,596.0,555.0,1,0,0
1945.0,4522.0,18954.0,0,1,0
99.0,334.0,405.0,0,0,0
10317.0,60026.0,51278.0,0,0,1
0.0,67.0,126.0,0,0,0
0.0,214.0,22.0,1,0,0
31.0,109.0,117.0,0,1,0
8755.0,8995.0,21748.0,0,0,0
720.0,7377.0,1963.0,0,0,1
66.0,6.0,213.0,0,0,0
258.0,1296.0,495.0,1,0,0
6732.0,13200.0,45534.0,0,1,0
42.0,537.0,414.0,0,0,0
8412.0,60627.0,26001.0,0,0,1
45.0,250.0,475.0,0,0,0
320.0,4183.0,2961.0,1,0,0
6325.0,13885.0,53610.0,0,1,0
15278.0,58472.0,81884.0,0,0,0
11414.0,77992.0,38810.0,0,0,1
104.0,303.0,785.0,0,0,0
595.0,1947.0,1244.0,1,0,0
4421.0,5893.0,22965.0,0,1,0
682.0,1462.0,4454.0,0,0,0
18572.0,137035.0,92367.0,0,0,1
381.0,607.0,2536.0,0,0,0
1529.0,5602.0,4811.0,1,0,0
1557.0,5743.0,11161.0,0,1,0
578.0,2237.0,3682.0,0,0,0
34404.0,308291.0,171190.0,0,0,1
21.0,87.0,247.0,0,0,0
514.0,3749.0,1061.0,1,0,0
1008.0,3209.0,7877.0,0,1,0
804.0,2158.0,4053.0,0,0,0
15889.0,95518.0,63279.0,0,0,1
63.0,42.0,297.0,0,0,0
117.0,1239.0,822.0,1,0,0
2421.0,8913.0,22266.0,0,1,0
105.0,777.0,864.0,0,0,0
14169.0,88077.0,58593.0,0,0,1
63.0,156.0,396.0,0,0,0
288.0,1818.0,1254.0,1,0,0
7491.0,15876.0,49518.0,0,1,0
582.0,2739.0,4647.0,0,0,0
8049.0,62232.0,33213.0,0,0,1
576.0,2330.0,3178.0,0,0,0
9500.0,89001.0,52721.0,1,0,0
31744.0,112482.0,264966.0,0,1,0
29035.0,65606.0,210642.0,0,0,0
84152.0,611659.0,250607.0,0,0,1
223.0,569.0,538.0,0,0,0
1983.0,11401.0,4238.0,1,0,0
3684.0,11987.0,27390.0,0,1,0
2928.0,8437.0,19963.0,0,0,0
47959.0,266802.0,152736.0,0,0,1
61.0,79.0,210.0,0,0,0
1603.0,15521.0,2663.0,1,0,0
1261.0,5156.0,10752.0,0,1,0
2503.0,6345.0,12619.0,0,0,0
20656.0,137468.0,50834.0,0,0,1
59.0,168.0,206.0,0,0,0
493.0,9165.0,1820.0,1,0,0
1203.0,4488.0,6898.0,0,1,0
2580.0,8292.0,15432.0,0,0,0
3243.0,34706.0,19225.0,0,0,1
57.0,257.0,186.0,0,0,0
828.0,12931.0,2184.0,1,0,0
1041.0,6271.0,6806.0,0,1,0
1169.0,4513.0,6947.0,0,0,0
14634.0,119535.0,50747.0,0,0,1
33.0,407.0,519.0,0,0,0
1130.0,11586.0,2802.0,1,0,0
6747.0,22666.0,46017.0,0,1,0
2661.0,7790.0,15333.0,0,0,0
24770.0,169631.0,60490.0,0,0,1
81.0,195.0,750.0,0,0,0
498.0,3882.0,4548.0,1,0,0
5151.0,17349.0,41304.0,0,1,0
264.0,1683.0,2457.0,0,0,0
10377.0,80499.0,51717.0,0,0,1
612.0,2079.0,3656.0,0,0,0
325.0,2023.0,1474.0,1,0,0
2287.0,5582.0,15380.0,0,1,0
528.0,931.0,3857.0,0,0,0
10525.0,77867.0,56427.0,0,0,1
0.0,177.0,444.0,0,0,0
105.0,821.0,885.0,1,0,0
956.0,2597.0,6489.0,0,1,0
368.0,885.0,1137.0,0,0,0
7323.0,56086.0,35810.0,0,0,1
128.0,193.0,551.0,0,0,0
375.0,3250.0,2906.0,1,0,0
2380.0,5927.0,20050.0,0,1,0
1978.0,6617.0,13101.0,0,0,0
13398.0,98009.0,72368.0,0,0,1
136.0,710.0,1145.0,0,0,0
2194.0,14795.0,7895.0,1,0,0
14376.0,44940.0,119689.0,0,1,0
3206.0,5749.0,11661.0,0,0,0
61447.0,438942.0,242521.0,0,0,1
581.0,1023.0,4845.0,0,0,0
548.0,5438.0,3314.0,1,0,0
1300.0,3729.0,7905.0,0,1,0
6399.0,9508.0,38183.0,0,0,0
25485.0,192359.0,130679.0,0,0,1
60.0,11.0,270.0,0,0,0
582.0,2439.0,1383.0,1,0,0
2498.0,7018.0,23440.0,0,1,0
187.0,985.0,1022.0,0,0,0
25506.0,180333.0,142231.0,0,0,1
326.0,623.0,1409.0,0,0,0
567.0,5836.0,5259.0,1,0,0
668.0,2413.0,4794.0,0,1,0
718.0,1950.0,4100.0,0,0,0
16262.0,128494.0,84785.0,0,0,1
18.0,118.0,299.0,0,0,0
93.0,556.0,638.0,1,0,0
475.0,1098.0,3091.0,0,1,0
411.0,629.0,1696.0,0,0,0
2447.0,21929.0,18354.0,0,0,1
0.0,183.0,168.0,0,0,0
204.0,2163.0,762.0,1,0,0
2214.0,13215.0,22071.0,0,1,0
114.0,1221.0,588.0,0,0,0
6015.0,82368.0,24639.0,0,0,1
39.0,231.0,354.0,0,0,0
207.0,1704.0,1377.0,1,0,0
2955.0,11907.0,28068.0,0,1,0
39.0,933.0,720.0,0,0,0
8787.0,76983.0,30342.0,0,0,1
375.0,1209.0,2180.0,0,0,0
1525.0,13215.0,7712.0,1,0,0
2544.0,9498.0,17397.0,0,1,0
11544.0,12609.0,58654.0,0,0,0
24742.0,121398.0,113090.0,0,0,1
42.0,157.0,295.0,0,0,0
378.0,1624.0,1040.0,1,0,0
1688.0,3049.0,13369.0,0,1,0
578.0,933.0,3081.0,0,0,0
11047.0,96072.0,61338.0,0,0,1
296.0,870.0,1869.0,0,0,0
1755.0,13619.0,10583.0,1,0,0
1427.0,6319.0,10609.0,0,1,0
3018.0,8150.0,16326.0,0,0,0
16033.0,131294.0,85194.0,0,0,1
74.0,403.0,723.0,0,0,0
644.0,3348.0,2225.0,1,0,0
7508.0,18539.0,60504.0,0,1,0
625.0,2242.0,2261.0,0,0,0
29654.0,205752.0,144802.0,0,0,1
113.0,173.0,703.0,0,0,0
466.0,1572.0,1293.0,1,0,0
92.0,177.0,580.0,0,1,0
1217.0,1299.0,5015.0,0,0,0
12961.0,64157.0,47101.0,0,0,1
112.0,268.0,507.0,0,0,0
151.0,1971.0,2273.0,1,0,0
1204.0,4491.0,10994.0,0,1,0
11079.0,19325.0,59891.0,0,0,0
8424.0,70338.0,29600.0,0,0,1
239.0,1049.0,1777.0,0,0,0
3342.0,25539.0,17533.0,1,0,0
2172.0,7714.0,15496.0,0,1,0
8733.0,16684.0,60216.0,0,0,0
22899.0,222997.0,113556.0,0,0,1
85.0,1047.0,918.0,0,0,0
4740.0,51584.0,36930.0,1,0,0
1676.0,8034.0,13721.0,0,1,0
3521.0,13237.0,39290.0,0,0,0
18469.0,200490.0,56021.0,0,0,1
172.0,963.0,1215.0,0,0,0
3791.0,44068.0,19235.0,1,0,0
4936.0,19924.0,31162.0,0,1,0
4138.0,13260.0,27267.0,0,0,0
20596.0,200017.0,76010.0,0,0,1
112.0,877.0,750.0,0,0,0
4387.0,42133.0,14711.0,1,0,0
805.0,5186.0,4686.0,0,1,0
5377.0,11009.0,31963.0,0,0,0
14085.0,156758.0,49587.0,0,0,1
0.0,57.0,98.0,0,0,0
47.0,150.0,307.0,1,0,0
108.0,544.0,1956.0,0,1,0
103.0,301.0,991.0,0,0,0
3380.0,30121.0,22077.0,0,0,1
32.0,32.0,43.0,0,0,0
43.0,244.0,327.0,1,0,0
100.0,69.0,535.0,0,1,0
61.0,153.0,506.0,0,0,0
7567.0,35558.0,43779.0,0,0,1
243.0,1200.0,2820.0,0,0,0
2076.0,20298.0,14010.0,1,0,0
1485.0,5496.0,11250.0,0,1,0
873.0,4173.0,5550.0,0,0,0
26181.0,259143.0,122346.0,0,0,1
170.0,121.0,709.0,0,0,0
977.0,3138.0,3020.0,1,0,0
390.0,866.0,2959.0,0,1,0
1667.0,1786.0,9601.0,0,0,0
3961.0,20765.0,20989.0,0,0,1
64.0,55.0,399.0,0,0,0
145.0,1131.0,385.0,1,0,0
717.0,1541.0,6097.0,0,1,0
186.0,535.0,624.0,0,0,0
8097.0,54422.0,44379.0,0,0,1
72.0,324.0,714.0,0,0,0
543.0,2007.0,4143.0,1,0,0
513.0,2049.0,4761.0,0,1,0
162.0,909.0,1671.0,0,0,0
6852.0,41871.0,41208.0,0,0,1
114.0,435.0,626.0,0,0,0
487.0,2416.0,2888.0,1,0,0
3336.0,8178.0,26129.0,0,1,0
2398.0,8186.0,12376.0,0,0,0
20976.0,163572.0,132177.0,0,0,1
169.0,279.0,1262.0,0,0,0
107.0,1628.0,1378.0,1,0,0
362.0,1532.0,2777.0,0,1,0
2967.0,4997.0,16926.0,0,0,0
6157.0,57039.0,43831.0,0,0,1
815.0,1846.0,3265.0,0,0,0
126.0,909.0,671.0,1,0,0
988.0,3119.0,9020.0,0,1,0
329.0,590.0,1238.0,0,0,0
8921.0,55588.0,37075.0,0,0,1
91.0,228.0,187.0,0,0,0
558.0,5130.0,2306.0,1,0,0
207.0,970.0,1553.0,0,1,0
3245.0,4530.0,16531.0,0,0,0
7985.0,54650.0,28736.0,0,0,1
148.0,1213.0,1123.0,0,0,0
3961.0,38345.0,19730.0,1,0,0
14124.0,85150.0,119707.0,0,1,0
3241.0,18372.0,42771.0,0,0,0
43025.0,472241.0,130882.0,0,0,1
24.0,206.0,120.0,0,0,0
256.0,1406.0,1026.0,1,0,0
2016.0,3585.0,16412.0,0,1,0
1183.0,3182.0,8175.0,0,0,0
10465.0,85964.0,49896.0,0,0,1
85.0,463.0,1222.0,0,0,0
194.0,2066.0,536.0,1,0,0
114.0,2886.0,9108.0,0,1,0
0.0,485.0,439.0,0,0,0
4238.0,72665.0,52420.0,0,0,1
88.0,1029.0,1374.0,0,0,0
119.0,3407.0,1263.0,1,0,0
92.0,3114.0,8112.0,0,1,0
0.0,1484.0,2307.0,0,0,0
3787.0,85497.0,60295.0,0,0,1
15.0,3167.0,5990.0,0,0,0
90.0,1836.0,1391.0,1,0,0
0.0,1359.0,2134.0,0,1,0
479.0,14646.0,33336.0,0,0,0
2142.0,57723.0,26373.0,0,0,1
0.0,613.0,1148.0,0,0,0
53.0,1398.0,801.0,1,0,0
25.0,856.0,2090.0,0,1,0
134.0,1166.0,4822.0,0,0,0
2031.0,58549.0,45859.0,0,0,1
380.0,8073.0,6788.0,0,0,0
759.0,24868.0,13648.0,1,0,0
2814.0,112257.0,118880.0,0,1,0
982.0,15221.0,31811.0,0,0,0
34346.0,423606.0,149557.0,0,0,1
124.0,2947.0,1914.0,0,0,0
236.0,8765.0,2448.0,1,0,0
240.0,8571.0,9635.0,0,1,0
733.0,18461.0,36625.0,0,0,0
9989.0,156640.0,49332.0,0,0,1
73.0,1241.0,2385.0,0,0,0
64.0,2804.0,1702.0,1,0,0
22.0,1184.0,4429.0,0,1,0
329.0,3683.0,20707.0,0,0,0
1527.0,27008.0,28137.0,0,0,1
177.0,4488.0,4002.0,0,0,0
647.0,13088.0,6067.0,1,0,0
1419.0,44486.0,88697.0,0,1,0
220.0,4461.0,6282.0,0,0,0
14975.0,241936.0,120150.0,0,0,1
0.0,754.0,709.0,0,0,0
22.0,1352.0,826.0,1,0,0
327.0,12292.0,25670.0,0,1,0
123.0,1243.0,1091.0,0,0,0
2120.0,47442.0,27477.0,0,0,1
0.0,673.0,904.0,0,0,0
61.0,1335.0,734.0,1,0,0
419.0,17536.0,31537.0,0,1,0
50.0,1086.0,1419.0,0,0,0
5059.0,80888.0,30427.0,0,0,1
402.0,9607.0,13492.0,0,0,0
1580.0,32085.0,13353.0,1,0,0
688.0,18848.0,32347.0,0,1,0
589.0,13478.0,31750.0,0,0,0
44344.0,505532.0,204406.0,0,0,1
94.0,1296.0,2449.0,0,0,0
315.0,1998.0,948.0,1,0,0
250.0,5939.0,19446.0,0,1,0
88.0,1479.0,3642.0,0,0,0
4827.0,105696.0,85165.0,0,0,1
77.0,1710.0,1976.0,0,0,0
72.0,3445.0,2114.0,1,0,0
501.0,23767.0,35867.0,0,1,0
146.0,3630.0,8031.0,0,0,0
10674.0,164341.0,72425.0,0,0,1
557.0,14271.0,12889.0,0,0,0
3774.0,95197.0,25747.0,1,0,0
3629.0,97064.0,164912.0,0,1,0
2574.0,44413.0,137531.0,0,0,0
73489.0,818269.0,309616.0,0,0,1
18.0,473.0,820.0,0,0,0
194.0,1246.0,422.0,1,0,0
371.0,5400.0,16381.0,0,1,0
96.0,2397.0,6960.0,0,0,0
2290.0,38003.0,37211.0,0,0,1
29.0,1637.0,2161.0,0,0,0
313.0,3517.0,1520.0,1,0,0
555.0,10678.0,29638.0,0,1,0
114.0,1343.0,1831.0,0,0,0
10353.0,153843.0,96770.0,0,0,1
104.0,2503.0,2840.0,0,0,0
497.0,5817.0,2745.0,1,0,0
718.0,18408.0,52759.0,0,1,0
113.0,2882.0,6766.0,0,0,0
13059.0,207531.0,136847.0,0,0,1
28.0,421.0,817.0,0,0,0
72.0,1477.0,879.0,1,0,0
294.0,13260.0,23760.0,0,1,0
54.0,1153.0,1405.0,0,0,0
2230.0,56035.0,22872.0,0,0,1
69.0,2579.0,2621.0,0,0,0
266.0,7766.0,3156.0,1,0,0
427.0,12553.0,24840.0,0,1,0
35.0,2167.0,4329.0,0,0,0
8689.0,175970.0,98194.0,0,0,1
305.0,7520.0,5165.0,0,0,0
1076.0,29441.0,9805.0,1,0,0
1222.0,44723.0,52869.0,0,1,0
1461.0,24885.0,88245.0,0,0,0
32410.0,357337.0,112472.0,0,0,1
69.0,3423.0,2669.0,0,0,0
249.0,7436.0,4732.0,1,0,0
524.0,13403.0,22166.0,0,1,0
408.0,9584.0,30969.0,0,0,0
10210.0,157605.0,77462.0,0,0,1
25.0,1100.0,1637.0,0,0,0
120.0,2230.0,1378.0,1,0,0
261.0,7692.0,16909.0,0,1,0
76.0,954.0,1220.0,0,0,0
3408.0,79008.0,67582.0,0,0,1
3.0,5178.0,5028.0,0,0,0
353.0,10895.0,5475.0,1,0,0
288.0,9976.0,11716.0,0,1,0
532.0,15190.0,46038.0,0,0,0
14288.0,267068.0,98261.0,0,0,1
482.0,6462.0,8950.0,0,0,0
1310.0,22022.0,6714.0,1,0,0
2476.0,51722.0,117563.0,0,1,0
465.0,6776.0,11857.0,0,0,0
28728.0,355156.0,241904.0,0,0,1
38.0,584.0,746.0,0,0,0
30.0,1226.0,715.0,1,0,0
48.0,1779.0,1412.0,0,1,0
925.0,22256.0,49638.0,0,0,0
991.0,18733.0,7682.0,0,0,1
88.0,4034.0,7287.0,0,0,0
248.0,6340.0,4514.0,1,0,0
586.0,18159.0,41951.0,0,1,0
1128.0,26651.0,28597.0,0,0,0
10378.0,132248.0,72558.0,0,0,1
25.0,361.0,945.0,0,0,0
10.0,700.0,547.0,1,0,0
66.0,816.0,4442.0,0,1,0
79.0,1373.0,4692.0,0,0,0
3365.0,42536.0,28743.0,0,0,1
55.0,1777.0,3535.0,0,0,0
259.0,5826.0,5723.0,1,0,0
128.0,1739.0,5295.0,0,1,0
787.0,8249.0,34792.0,0,0,0
2747.0,44850.0,29420.0,0,0,1
29.0,614.0,1981.0,0,0,0
34.0,2084.0,1240.0,1,0,0
152.0,2435.0,9555.0,0,1,0
121.0,1924.0,5459.0,0,0,0
4720.0,96802.0,69156.0,0,0,1
28.0,1477.0,2238.0,0,0,0
62.0,2447.0,1286.0,1,0,0
422.0,19016.0,29772.0,0,1,0
200.0,1954.0,5804.0,0,0,0
6412.0,115875.0,64279.0,0,0,1
0.0,653.0,855.0,0,0,0
0.0,1371.0,733.0,1,0,0
202.0,6255.0,18144.0,0,1,0
87.0,1273.0,2572.0,0,0,0
3448.0,71355.0,45262.0,0,0,1
32.0,712.0,907.0,0,0,0
107.0,1386.0,847.0,1,0,0
99.0,1905.0,6046.0,0,1,0
29.0,723.0,2592.0,0,0,0
2560.0,60893.0,48175.0,0,0,1
31.0,1217.0,2117.0,0,0,0
210.0,3235.0,1760.0,1,0,0
214.0,3760.0,12139.0,0,1,0
215.0,2752.0,11330.0,0,0,0
6840.0,78057.0,37552.0,0,0,1
280.0,11494.0,14833.0,0,0,0
1634.0,68564.0,58751.0,1,0,0
0.0,1938.0,1371.0,0,1,0
136.0,3196.0,6675.0,0,0,0
1287.0,30572.0,12837.0,0,0,1
359.0,8070.0,6361.0,0,0,0
1184.0,42436.0,16646.0,1,0,0
1553.0,56415.0,82846.0,0,1,0
2881.0,35839.0,135880.0,0,0,0
29872.0,344412.0,110544.0,0,0,1
21.0,1421.0,2220.0,0,0,0
194.0,3634.0,1798.0,1,0,0
409.0,12422.0,27240.0,0,1,0
123.0,2140.0,4767.0,0,0,0
10119.0,170557.0,104458.0,0,0,1
101.0,1311.0,1920.0,0,0,0
214.0,4314.0,3417.0,1,0,0
445.0,13293.0,24790.0,0,1,0
234.0,3043.0,4295.0,0,0,0
6791.0,95071.0,59069.0,0,0,1
153.0,2723.0,3575.0,0,0,0
186.0,5145.0,2959.0,1,0,0
486.0,12962.0,28696.0,0,1,0
106.0,4238.0,11887.0,0,0,0
9349.0,198276.0,101180.0,0,0,1
29.0,619.0,988.0,0,0,0
26.0,1307.0,551.0,1,0,0
47.0,2890.0,5333.0,0,1,0
6.0,588.0,509.0,0,0,0
2426.0,60877.0,44287.0,0,0,1
85.0,2882.0,7351.0,0,0,0
380.0,11114.0,19214.0,1,0,0
510.0,5662.0,22553.0,0,1,0
650.0,6340.0,57970.0,0,0,0
6570.0,82494.0,106591.0,0,0,1
184.0,743.0,841.0,0,0,0
0.0,985.0,773.0,1,0,0
201.0,8185.0,18321.0,0,1,0
84.0,487.0,1043.0,0,0,0
3057.0,55862.0,32583.0,0,0,1
1922.0,33432.0,23204.0,0,0,0
7812.0,258609.0,85154.0,1,0,0
3707.0,69525.0,89387.0,0,1,0
7900.0,108439.0,416136.0,0,0,0
65089.0,543713.0,174765.0,0,0,1
522.0,10193.0,6421.0,0,0,0
2476.0,78092.0,24662.0,1,0,0
250.0,5176.0,3521.0,0,1,0
2412.0,26727.0,101771.0,0,0,0
30350.0,271443.0,85410.0,0,0,1
70.0,1079.0,1752.0,0,0,0
67.0,2085.0,1299.0,1,0,0
254.0,6310.0,18851.0,0,1,0
84.0,907.0,1889.0,0,0,0
4891.0,81456.0,59776.0,0,0,1
12.0,142.0,126.0,0,0,0
93.0,1017.0,166.0,1,0,0
0.0,117.0,205.0,0,1,0
558.0,17505.0,43512.0,0,0,0
630.0,8879.0,3024.0,0,0,1
32.0,889.0,884.0,0,0,0
179.0,2977.0,1419.0,1,0,0
953.0,22946.0,48899.0,0,1,0
62.0,1250.0,2110.0,0,0,0
6023.0,77278.0,33490.0,0,0,1
182.0,3099.0,5273.0,0,0,0
269.0,5868.0,3853.0,1,0,0
767.0,16640.0,56939.0,0,1,0
6307.0,99117.0,123756.0,0,0,0
9478.0,69899.0,28105.0,0,0,1
60.0,1224.0,3376.0,0,0,0
187.0,3827.0,1947.0,1,0,0
468.0,9061.0,29770.0,0,1,0
164.0,4382.0,10816.0,0,0,0
8557.0,170598.0,84547.0,0,0,1
103.0,4208.0,8554.0,0,0,0
560.0,12579.0,8481.0,1,0,0
443.0,10559.0,20592.0,0,1,0
206.0,4764.0,13952.0,0,0,0
22026.0,422983.0,185350.0,0,0,1
41.0,1639.0,1420.0,0,0,0
420.0,6660.0,1628.0,1,0,0
75.0,4372.0,8097.0,0,1,0
509.0,3733.0,8364.0,0,0,0
11690.0,131020.0,69757.0,0,0,1
23.0,1840.0,2304.0,0,0,0
29.0,2841.0,1784.0,1,0,0
569.0,17044.0,23985.0,0,1,0
171.0,2477.0,4871.0,0,0,0
7960.0,136104.0,71091.0,0,0,1
19.0,1342.0,1822.0,0,0,0
221.0,3827.0,3416.0,1,0,0
862.0,24281.0,65440.0,0,1,0
210.0,4407.0,7640.0,0,0,0
4532.0,85595.0,51737.0,0,0,1
1082.0,33936.0,37897.0,0,0,0
6552.0,153400.0,82390.0,1,0,0
5088.0,152961.0,296815.0,0,1,0
4397.0,101005.0,320526.0,0,0,0
94993.0,690261.0,248285.0,0,0,1
331.0,5099.0,4518.0,0,0,0
1669.0,20340.0,6233.0,1,0,0
732.0,18232.0,29096.0,0,1,0
760.0,14251.0,40402.0,0,0,0
34474.0,293133.0,147870.0,0,0,1
166.0,3300.0,2655.0,0,0,0
1688.0,32804.0,6146.0,1,0,0
499.0,8312.0,13621.0,0,1,0
855.0,12306.0,24792.0,0,0,0
17653.0,149315.0,55162.0,0,0,1
44.0,3285.0,2445.0,0,0,0
256.0,16343.0,3703.0,1,0,0
112.0,5497.0,9203.0,0,1,0
369.0,12549.0,27017.0,0,0,0
1980.0,39841.0,16618.0,0,0,1
251.0,3192.0,1989.0,0,0,0
1211.0,34079.0,5049.0,1,0,0
303.0,10827.0,8630.0,0,1,0
413.0,6638.0,14200.0,0,0,0
12831.0,137620.0,49324.0,0,0,1
119.0,4204.0,5246.0,0,0,0
1236.0,20981.0,4176.0,1,0,0
1248.0,31117.0,52742.0,0,1,0
792.0,15122.0,29791.0,0,0,0
26459.0,210457.0,75961.0,0,0,1
0.0,2678.0,3346.0,0,0,0
328.0,7536.0,4751.0,1,0,0
842.0,28555.0,56993.0,0,1,0
190.0,3152.0,4203.0,0,0,0
5110.0,117475.0,69868.0,0,0,1
113.0,4014.0,6558.0,0,0,0
159.0,4539.0,3377.0,1,0,0
261.0,7049.0,14017.0,0,1,0
54.0,2218.0,7404.0,0,0,0
3155.0,86309.0,56527.0,0,0,1
0.0,522.0,1128.0,0,0,0
0.0,1906.0,1113.0,1,0,0
27.0,3476.0,7365.0,0,1,0
105.0,1168.0,4214.0,0,0,0
3352.0,75402.0,37227.0,0,0,1
37.0,4077.0,4965.0,0,0,0
536.0,7982.0,5707.0,1,0,0
413.0,13337.0,30753.0,0,1,0
770.0,18760.0,34026.0,0,0,0
8769.0,153833.0,90997.0,0,0,1
269.0,6460.0,8824.0,0,0,0
863.0,29336.0,12953.0,1,0,0
1972.0,53395.0,135478.0,0,1,0
692.0,11854.0,24870.0,0,0,0
36694.0,526319.0,258379.0,0,0,1
176.0,5950.0,9092.0,0,0,0
572.0,13182.0,6240.0,1,0,0
258.0,8543.0,11214.0,0,1,0
980.0,21749.0,84354.0,0,0,0
17367.0,302744.0,152960.0,0,0,1
32.0,1649.0,2700.0,0,0,0
589.0,4666.0,2079.0,1,0,0
503.0,10059.0,26214.0,0,1,0
146.0,1853.0,2240.0,0,0,0
11981.0,247363.0,181753.0,0,0,1
99.0,5242.0,6164.0,0,0,0
388.0,15319.0,8139.0,1,0,0
112.0,4080.0,5875.0,0,1,0
105.0,5819.0,18758.0,0,0,0
9298.0,214787.0,117403.0,0,0,1
44.0,1674.0,3962.0,0,0,0
164.0,2853.0,1364.0,1,0,0
39.0,2988.0,6053.0,0,1,0
91.0,2049.0,6679.0,0,0,0
3677.0,91680.0,79931.0,0,0,1
10.0,2700.0,1567.0,0,0,0
218.0,8122.0,2649.0,1,0,0
334.0,27615.0,31201.0,0,1,0
37.0,3552.0,7299.0,0,0,0
6375.0,161394.0,50625.0,0,0,1
105.0,1623.0,1697.0,0,0,0
107.0,4327.0,2100.0,1,0,0
575.0,19981.0,36100.0,0,1,0
107.0,1821.0,2526.0,0,0,0
6002.0,110781.0,42612.0,0,0,1
248.0,6487.0,9679.0,0,0,0
862.0,25324.0,11663.0,1,0,0
471.0,14175.0,27576.0,0,1,0
1426.0,26499.0,111618.0,0,0,0
9282.0,142069.0,118866.0,0,0,1
86.0,1308.0,2571.0,0,0,0
169.0,2767.0,1528.0,1,0,0
90.0,4648.0,15878.0,0,1,0
161.0,1851.0,4912.0,0,0,0
4530.0,110081.0,68008.0,0,0,1
244.0,5897.0,7148.0,0,0,0
731.0,21330.0,15473.0,1,0,0
258.0,7355.0,13259.0,0,1,0
469.0,10512.0,25278.0,0,0,0
8736.0,146592.0,82010.0,0,0,1
212.0,2656.0,3540.0,0,0,0
569.0,6846.0,3511.0,1,0,0
875.0,22235.0,64861.0,0,1,0
245.0,3488.0,4551.0,0,0,0
14241.0,259887.0,167426.0,0,0,1
45.0,2315.0,2838.0,0,0,0
111.0,4792.0,3740.0,1,0,0
114.0,1212.0,1714.0,0,1,0
221.0,3837.0,17292.0,0,0,0
6334.0,128375.0,83260.0,0,0,1
99.0,2936.0,2533.0,0,0,0
241.0,4166.0,3235.0,1,0,0
276.0,7337.0,12137.0,0,1,0
1736.0,33438.0,86363.0,0,0,0
5460.0,98315.0,41785.0,0,0,1
382.0,9778.0,9694.0,0,0,0
1301.0,46684.0,24564.0,1,0,0
306.0,9980.0,16173.0,0,1,0
1250.0,29248.0,87814.0,0,0,0
19354.0,259444.0,114801.0,0,0,1
638.0,10654.0,5498.0,0,0,0
3285.0,86811.0,41979.0,1,0,0
691.0,7248.0,10396.0,0,1,0
1235.0,21202.0,48857.0,0,0,0
32981.0,246388.0,52041.0,0,0,1
745.0,11753.0,8601.0,0,0,0
3607.0,88926.0,29707.0,1,0,0
885.0,21786.0,28334.0,0,1,0
1300.0,21093.0,50860.0,0,0,0
23746.0,219069.0,68557.0,0,0,1
874.0,8487.0,4507.0,0,0,0
4493.0,90772.0,23069.0,1,0,0
365.0,5982.0,4256.0,0,1,0
1077.0,16701.0,46547.0,0,0,0
20373.0,163109.0,36665.0,0,0,1
25.0,521.0,761.0,0,0,0
22.0,855.0,905.0,1,0,0
90.0,1550.0,4889.0,0,1,0
98.0,1227.0,4778.0,0,0,0
5069.0,65755.0,40623.0,0,0,1
0.0,186.0,458.0,0,0,0
24.0,677.0,254.0,1,0,0
36.0,392.0,1102.0,0,1,0
0.0,263.0,680.0,0,0,0
1718.0,51934.0,55543.0,0,0,1
257.0,9826.0,11346.0,0,0,0
1051.0,44076.0,24259.0,1,0,0
326.0,9463.0,11938.0,0,1,0
234.0,8975.0,18360.0,0,0,0
19478.0,334553.0,131383.0,0,0,1
94.0,1196.0,1797.0,0,0,0
384.0,5763.0,5869.0,1,0,0
112.0,1315.0,4483.0,0,1,0
208.0,2969.0,12710.0,0,0,0
1462.0,23634.0,19341.0,0,0,1
51.0,1186.0,1925.0,0,0,0
112.0,1765.0,807.0,1,0,0
118.0,1419.0,7348.0,0,1,0
0.0,667.0,1906.0,0,0,0
3170.0,68328.0,56552.0,0,0,1
18.0,2274.0,4452.0,0,0,0
187.0,4261.0,5347.0,1,0,0
29.0,3311.0,6689.0,0,1,0
42.0,1157.0,5028.0,0,0,0
2373.0,54329.0,46246.0,0,0,1
248.0,3751.0,4759.0,0,0,0
430.0,7097.0,5239.0,1,0,0
394.0,13120.0,31636.0,0,1,0
931.0,15153.0,25704.0,0,0,0
12777.0,214442.0,140093.0,0,0,1
51.0,2118.0,4931.0,0,0,0
120.0,3149.0,2095.0,1,0,0
90.0,1649.0,3106.0,0,1,0
419.0,9563.0,28759.0,0,0,0
2967.0,76575.0,49007.0,0,0,1
208.0,5509.0,6422.0,0,0,0
0.0,822.0,1090.0,1,0,0
100.0,4294.0,9222.0,0,1,0
0.0,1260.0,4910.0,0,0,0
3214.0,67291.0,39963.0,0,0,1
131.0,1769.0,1692.0,0,0,0
465.0,9132.0,3419.0,1,0,0
47.0,1531.0,1369.0,0,1,0
493.0,7617.0,22626.0,0,0,0
6338.0,65170.0,28107.0,0,0,1
648.0,17762.0,12250.0,0,0,0
2278.0,69346.0,31343.0,1,0,0
3928.0,124180.0,133261.0,0,1,0
1395.0,30580.0,78192.0,0,0,0
45924.0,547045.0,151729.0,0,0,1
140.0,1936.0,3257.0,0,0,0
242.0,3397.0,1678.0,1,0,0
323.0,6861.0,23913.0,0,1,0
617.0,8575.0,16877.0,0,0,0
13047.0,128035.0,57221.0,0,0,1
0.0,773.0,974.0,0,0,0
107.0,2380.0,776.0,1,0,0
0.0,5368.0,13050.0,0,1,0
0.0,1004.0,831.0,0,0,0
189.0,85970.0,57655.0,0,0,1
132.0,1053.0,3317.0,0,0,0
0.0,5902.0,3098.0,1,0,0
0.0,2813.0,11505.0,0,1,0
0.0,2654.0,3792.0,0,0,0
2056.0,106316.0,66488.0,0,0,1
0.0,4226.0,7603.0,0,0,0
0.0,2308.0,2475.0,1,0,0
0.0,2790.0,3209.0,0,1,0
0.0,22777.0,51921.0,0,0,0
382.0,68695.0,27576.0,0,0,1
0.0,896.0,788.0,0,0,0
0.0,3676.0,825.0,1,0,0
0.0,3234.0,3603.0,0,1,0
0.0,4830.0,8924.0,0,0,0
3918.0,68964.0,50036.0,0,0,1
52.0,9910.0,6102.0,0,0,0
170.0,48726.0,20073.0,1,0,0
391.0,180255.0,185697.0,0,1,0
172.0,30767.0,64333.0,0,0,0
7336.0,471984.0,176717.0,0,0,1
0.0,4810.0,2704.0,0,0,0
513.0,18391.0,5234.0,1,0,0
64.0,11239.0,14721.0,0,1,0
158.0,37477.0,69358.0,0,0,0
3292.0,218129.0,68947.0,0,0,1
0.0,1595.0,1993.0,0,0,0
143.0,5158.0,3357.0,1,0,0
103.0,1005.0,5077.0,0,1,0
42.0,8606.0,33875.0,0,0,0
1417.0,33911.0,28859.0,0,0,1
0.0,5254.0,3989.0,0,0,0
430.0,28353.0,11645.0,1,0,0
369.0,63832.0,101514.0,0,1,0
40.0,9769.0,18021.0,0,0,0
11726.0,282565.0,117124.0,0,0,1
0.0,1302.0,1021.0,0,0,0
0.0,3258.0,1813.0,1,0,0
278.0,17689.0,34347.0,0,1,0
0.0,4324.0,2058.0,0,0,0
437.0,64651.0,32062.0,0,0,1
0.0,645.0,330.0,0,0,0
0.0,2105.0,1040.0,1,0,0
0.0,23159.0,41550.0,0,1,0
0.0,2116.0,5004.0,0,0,0
1180.0,96173.0,33516.0,0,0,1
69.0,8936.0,13779.0,0,0,0
3781.0,51497.0,17864.0,1,0,0
404.0,25869.0,46698.0,0,1,0
304.0,23939.0,53918.0,0,0,0
28756.0,559003.0,233041.0,0,0,1
0.0,2202.0,1614.0,0,0,0
107.0,4752.0,2307.0,1,0,0
125.0,8678.0,20091.0,0,1,0
0.0,3484.0,5920.0,0,0,0
3029.0,120599.0,90983.0,0,0,1
0.0,3038.0,4000.0,0,0,0
0.0,12169.0,4470.0,1,0,0
442.0,41272.0,53716.0,0,1,0
122.0,12708.0,17278.0,0,0,0
4659.0,215067.0,103864.0,0,0,1
687.0,19251.0,10348.0,0,0,0
4074.0,147522.0,41472.0,1,0,0
2323.0,115393.0,183129.0,0,1,0
2568.0,98678.0,221434.0,0,0,0
56517.0,947267.0,363444.0,0,0,1
0.0,1015.0,762.0,0,0,0
22.0,1830.0,471.0,1,0,0
0.0,9286.0,17529.0,0,1,0
0.0,3895.0,9404.0,0,0,0
650.0,48886.0,40001.0,0,0,1
0.0,2618.0,2123.0,0,0,0
0.0,6084.0,3518.0,1,0,0
0.0,15209.0,33021.0,0,1,0
88.0,4666.0,3505.0,0,0,0
1286.0,183214.0,116232.0,0,0,1
0.0,2180.0,4874.0,0,0,0
124.0,8389.0,4011.0,1,0,0
0.0,22143.0,64927.0,0,1,0
23.0,3565.0,12095.0,0,0,0
1441.0,228747.0,154845.0,0,0,1
0.0,1043.0,1421.0,0,0,0
0.0,3397.0,271.0,1,0,0
0.0,20684.0,33489.0,0,1,0
0.0,2240.0,4246.0,0,0,0
943.0,67668.0,32204.0,0,0,1
50.0,4725.0,2664.0,0,0,0
66.0,14846.0,5482.0,1,0,0
90.0,18718.0,36999.0,0,1,0
0.0,4595.0,9296.0,0,0,0
1733.0,218587.0,114051.0,0,0,1
138.0,11199.0,9987.0,0,0,0
809.0,56561.0,19934.0,1,0,0
103.0,70093.0,65563.0,0,1,0
774.0,53290.0,142301.0,0,0,0
11038.0,428643.0,139291.0,0,0,1
0.0,5932.0,3013.0,0,0,0
646.0,15732.0,8570.0,1,0,0
130.0,26669.0,30617.0,0,1,0
92.0,24051.0,55365.0,0,0,0
4218.0,192818.0,91830.0,0,0,1
0.0,1552.0,2029.0,0,0,0
0.0,1979.0,2492.0,1,0,0
0.0,8820.0,19555.0,0,1,0
0.0,1249.0,2117.0,0,0,0
128.0,82120.0,72565.0,0,0,1
0.0,7265.0,7538.0,0,0,0
487.0,15684.0,10962.0,1,0,0
774.0,12521.0,19691.0,0,1,0
242.0,27803.0,70548.0,0,0,0
13831.0,352901.0,125430.0,0,0,1
94.0,8865.0,10352.0,0,0,0
430.0,32350.0,9550.0,1,0,0
0.0,64600.0,130416.0,0,1,0
0.0,8449.0,18719.0,0,0,0
2188.0,402025.0,269406.0,0,0,1
0.0,806.0,654.0,0,0,0
0.0,1851.0,560.0,1,0,0
0.0,2091.0,2302.0,0,1,0
223.0,40610.0,75537.0,0,0,0
391.0,19106.0,6951.0,0,0,1
41.0,2723.0,3979.0,0,0,0
409.0,13369.0,7462.0,1,0,0
583.0,39239.0,71468.0,0,1,0
1487.0,53876.0,51931.0,0,0,0
10948.0,133377.0,69953.0,0,0,1
133.0,814.0,1699.0,0,0,0
167.0,1567.0,507.0,1,0,0
0.0,2442.0,9340.0,0,1,0
66.0,6756.0,17494.0,0,0,0
2298.0,58151.0,39303.0,0,0,1
185.0,2642.0,1947.0,0,0,0
312.0,13844.0,7746.0,1,0,0
205.0,3341.0,5942.0,0,1,0
106.0,17832.0,49181.0,0,0,0
1966.0,51349.0,32140.0,0,0,1
0.0,750.0,1755.0,0,0,0
0.0,2211.0,2027.0,1,0,0
0.0,4535.0,11256.0,0,1,0
0.0,4697.0,7069.0,0,0,0
490.0,116011.0,81916.0,0,0,1
0.0,3798.0,2911.0,0,0,0
0.0,5081.0,2789.0,1,0,0
0.0,26910.0,39834.0,0,1,0
0.0,3927.0,10991.0,0,0,0
2524.0,134939.0,76708.0,0,0,1
0.0,1081.0,1371.0,0,0,0
0.0,2647.0,1500.0,1,0,0
80.0,10409.0,23566.0,0,1,0
0.0,1314.0,8939.0,0,0,0
387.0,89220.0,56182.0,0,0,1
86.0,1462.0,3074.0,0,0,0
0.0,2707.0,1362.0,1,0,0
0.0,2960.0,7829.0,0,1,0
0.0,1637.0,5126.0,0,0,0
2115.0,74442.0,52381.0,0,0,1
0.0,2278.0,1651.0,0,0,0
169.0,6705.0,2950.0,1,0,0
0.0,6917.0,13695.0,0,1,0
0.0,6414.0,19503.0,0,0,0
4169.0,83303.0,35944.0,0,0,1
69.0,14447.0,18514.0,0,0,0
391.0,85795.0,68054.0,1,0,0
0.0,1599.0,2681.0,0,1,0
0.0,5225.0,6940.0,0,0,0
474.0,36698.0,13679.0,0,0,1
0.0,10289.0,5603.0,0,0,0
1092.0,76576.0,30350.0,1,0,0
145.0,85073.0,108745.0,0,1,0
244.0,90671.0,226244.0,0,0,0
13745.0,402530.0,125305.0,0,0,1
0.0,2726.0,3786.0,0,0,0
97.0,7472.0,3198.0,1,0,0
210.0,19927.0,35569.0,0,1,0
0.0,4525.0,17760.0,0,0,0
1713.0,219374.0,126841.0,0,0,1
188.0,2665.0,2876.0,0,0,0
483.0,8947.0,5682.0,1,0,0
235.0,20980.0,36051.0,0,1,0
169.0,9134.0,10987.0,0,0,0
7751.0,136521.0,75090.0,0,0,1
124.0,3279.0,5133.0,0,0,0
91.0,7826.0,5334.0,1,0,0
0.0,17093.0,30754.0,0,1,0
0.0,9268.0,24174.0,0,0,0
4383.0,234070.0,116429.0,0,0,1
0.0,710.0,879.0,0,0,0
0.0,2258.0,1058.0,1,0,0
82.0,4409.0,4448.0,0,1,0
0.0,2214.0,1680.0,0,0,0
1592.0,74474.0,50423.0,0,0,1
0.0,3942.0,8355.0,0,0,0
302.0,39258.0,38230.0,1,0,0
0.0,13979.0,32750.0,0,1,0
147.0,18357.0,111728.0,0,0,0
3865.0,116664.0,116227.0,0,0,1
0.0,900.0,1321.0,0,0,0
0.0,2956.0,1455.0,1,0,0
0.0,12473.0,24043.0,0,1,0
0.0,1028.0,4702.0,0,0,0
286.0,66437.0,37409.0,0,0,1
716.0,29330.0,20125.0,0,0,0
6338.0,356833.0,128090.0,1,0,0
1885.0,84395.0,95969.0,0,1,0
2315.0,207071.0,542527.0,0,0,0
47493.0,612319.0,181357.0,0,0,1
706.0,10798.0,4307.0,0,0,0
3058.0,139472.0,41673.0,1,0,0
593.0,7056.0,4609.0,0,1,0
1451.0,55909.0,127805.0,0,0,0
19303.0,293301.0,86789.0,0,0,1
0.0,2103.0,2130.0,0,0,0
0.0,3807.0,2981.0,1,0,0
0.0,11250.0,22841.0,0,1,0
0.0,2297.0,4851.0,0,0,0
1115.0,105049.0,69309.0,0,0,1
0.0,0.0,0.0,0,0,0
0.0,3003.0,0.0,1,0,0
0.0,436.0,333.0,0,1,0
264.0,41159.0,72453.0,0,0,0
111.0,11047.0,3832.0,0,0,1
0.0,1602.0,1317.0,0,0,0
0.0,4646.0,2074.0,1,0,0
57.0,29264.0,63440.0,0,1,0
0.0,2335.0,5253.0,0,0,0
1108.0,89104.0,38212.0,0,0,1
85.0,2529.0,1448.0,0,0,0
388.0,8271.0,8121.0,1,0,0
474.0,26203.0,54226.0,0,1,0
7051.0,184067.0,177818.0,0,0,0
7537.0,68495.0,24203.0,0,0,1
0.0,2785.0,3650.0,0,0,0
104.0,7996.0,2969.0,1,0,0
0.0,9951.0,37829.0,0,1,0
0.0,7149.0,19589.0,0,0,0
1645.0,196200.0,100847.0,0,0,1
0.0,6738.0,10990.0,0,0,0
1057.0,29020.0,16347.0,1,0,0
547.0,15472.0,34610.0,0,1,0
291.0,11755.0,27928.0,0,0,0
23349.0,514837.0,209742.0,0,0,1
0.0,2358.0,1998.0,0,0,0
366.0,11130.0,2367.0,1,0,0
0.0,4638.0,8446.0,0,1,0
299.0,7244.0,17220.0,0,0,0
6081.0,168214.0,79660.0,0,0,1
0.0,2309.0,1864.0,0,0,0
0.0,5598.0,4364.0,1,0,0
0.0,23368.0,35000.0,0,1,0
0.0,3407.0,15170.0,0,0,0
1654.0,179085.0,93755.0,0,0,1
0.0,1775.0,1773.0,0,0,0
227.0,4333.0,3675.0,1,0,0
0.0,26298.0,60420.0,0,1,0
0.0,8176.0,12907.0,0,0,0
1223.0,83410.0,49227.0,0,0,1
1000.0,32212.0,25350.0,0,0,0
7048.0,234600.0,135945.0,1,0,0
3912.0,201990.0,340153.0,0,1,0
2940.0,189190.0,456263.0,0,0,0
74134.0,815356.0,242432.0,0,0,1
280.0,3621.0,4162.0,0,0,0
1422.0,41537.0,9868.0,1,0,0
342.0,26108.0,37117.0,0,1,0
194.0,25510.0,62327.0,0,0,0
26440.0,324487.0,148522.0,0,0,1
33.0,4149.0,3148.0,0,0,0
913.0,47868.0,11082.0,1,0,0
99.0,8928.0,14071.0,0,1,0
889.0,29865.0,36921.0,0,0,0
8414.0,164125.0,52775.0,0,0,1
126.0,2792.0,3202.0,0,0,0
252.0,28123.0,4384.0,1,0,0
0.0,8542.0,10824.0,0,1,0
788.0,24835.0,37011.0,0,0,0
1913.0,48529.0,15030.0,0,0,1
0.0,5336.0,1889.0,0,0,0
1640.0,63105.0,8241.0,1,0,0
56.0,11921.0,12273.0,0,1,0
121.0,14668.0,24771.0,0,0,0
6787.0,135088.0,50476.0,0,0,1
49.0,3358.0,3739.0,0,0,0
1199.0,27382.0,6924.0,1,0,0
545.0,42845.0,58291.0,0,1,0
869.0,25195.0,49414.0,0,0,0
15480.0,225438.0,77157.0,0,0,1
144.0,3900.0,4633.0,0,0,0
166.0,12257.0,5631.0,1,0,0
257.0,40432.0,63876.0,0,1,0
0.0,7978.0,10907.0,0,0,0
3912.0,141453.0,79670.0,0,0,1
0.0,6527.0,9541.0,0,0,0
107.0,6121.0,4192.0,1,0,0
0.0,10597.0,19341.0,0,1,0
0.0,5682.0,18299.0,0,0,0
1329.0,103456.0,63474.0,0,0,1
0.0,3352.0,3950.0,0,0,0
0.0,1866.0,2409.0,1,0,0
0.0,4180.0,10756.0,0,1,0
0.0,4331.0,7002.0,0,0,0
724.0,99056.0,44304.0,0,0,1
0.0,5590.0,5150.0,0,0,0
347.0,17965.0,8445.0,1,0,0
238.0,24071.0,46210.0,0,1,0
658.0,44625.0,65862.0,0,0,0
8862.0,194475.0,114708.0,0,0,1
255.0,11813.0,8825.0,0,0,0
2023.0,59585.0,24778.0,1,0,0
1305.0,74110.0,155614.0,0,1,0
1231.0,21714.0,58804.0,0,0,0
36823.0,621448.0,283577.0,0,0,1
162.0,8198.0,12183.0,0,0,0
525.0,28610.0,13905.0,1,0,0
0.0,13787.0,19293.0,0,1,0
299.0,46287.0,124510.0,0,0,0
6153.0,381228.0,180916.0,0,0,1
100.0,3816.0,3392.0,0,0,0
1175.0,8854.0,2939.0,1,0,0
436.0,12570.0,35227.0,0,1,0
81.0,2037.0,3267.0,0,0,0
11454.0,290940.0,204296.0,0,0,1
0.0,7755.0,8319.0,0,0,0
214.0,22006.0,16370.0,1,0,0
0.0,5842.0,8571.0,0,1,0
0.0,12050.0,33383.0,0,0,0
2154.0,276310.0,146628.0,0,0,1
0.0,1538.0,2946.0,0,0,0
0.0,4001.0,3775.0,1,0,0
0.0,3990.0,8549.0,0,1,0
0.0,4387.0,17371.0,0,0,0
2124.0,107172.0,84336.0,0,0,1
252.0,4746.0,2939.0,0,0,0
181.0,15919.0,3901.0,1,0,0
157.0,43426.0,36511.0,0,1,0
0.0,7234.0,23722.0,0,0,0
5816.0,224390.0,73595.0,0,0,1
88.0,2404.0,1589.0,0,0,0
357.0,7765.0,3600.0,1,0,0
441.0,29616.0,47368.0,0,1,0
183.0,3648.0,10088.0,0,0,0
5011.0,130384.0,47546.0,0,0,1
354.0,9420.0,11056.0,0,0,0
830.0,63749.0,26013.0,1,0,0
0.0,23175.0,30564.0,0,1,0
829.0,66187.0,199359.0,0,0,0
6710.0,180098.0,125156.0,0,0,1
75.0,1238.0,1365.0,0,0,0
118.0,3019.0,2800.0,1,0,0
423.0,6893.0,19600.0,0,1,0
0.0,4249.0,7036.0,0,0,0
3506.0,127605.0,77435.0,0,0,1
0.0,9252.0,7266.0,0,0,0
531.0,43064.0,32191.0,1,0,0
118.0,12775.0,18911.0,0,1,0
786.0,20491.0,40747.0,0,0,0
5456.0,174353.0,91930.0,0,0,1
0.0,4093.0,5033.0,0,0,0
121.0,10643.0,5939.0,1,0,0
28.0,34892.0,85823.0,0,1,0
0.0,5620.0,7736.0,0,0,0
3483.0,311162.0,186663.0,0,0,1
0.0,3192.0,4230.0,0,0,0
77.0,8709.0,8382.0,1,0,0
0.0,2063.0,1900.0,0,1,0
122.0,10366.0,29800.0,0,0,0
1344.0,173023.0,90497.0,0,0,1
0.0,4570.0,2479.0,0,0,0
86.0,7779.0,5421.0,1,0,0
102.0,14021.0,18383.0,0,1,0
640.0,60816.0,127927.0,0,0,0
2602.0,129629.0,53747.0,0,0,1
332.0,11520.0,8366.0,0,0,0
1988.0,74160.0,37677.0,1,0,0
93.0,14488.0,15301.0,0,1,0
2026.0,57839.0,116581.0,0,0,0
13001.0,295442.0,108507.0,0,0,1
280.0,11717.0,4464.0,0,0,0
3334.0,110379.0,57429.0,1,0,0
566.0,10768.0,10883.0,0,1,0
1018.0,33003.0,64966.0,0,0,0
22184.0,245203.0,53241.0,0,0,1
962.0,14933.0,6718.0,0,0,0
3287.0,130366.0,46653.0,1,0,0
172.0,27645.0,30637.0,0,1,0
1058.0,35574.0,78820.0,0,0,0
14301.0,229188.0,70256.0,0,0,1
357.0,7561.0,3814.0,0,0,0
5038.0,139699.0,37932.0,1,0,0
104.0,5743.0,4240.0,0,1,0
481.0,28708.0,59189.0,0,0,0
12075.0,149975.0,34090.0,0,0,1
0.0,1027.0,2077.0,0,0,0
414.0,2235.0,1938.0,1,0,0
0.0,2392.0,6948.0,0,1,0
300.0,3120.0,10788.0,0,0,0
2524.0,78814.0,48583.0,0,0,1
0.0,508.0,678.0,0,0,0
382.0,1218.0,798.0,1,0,0
56.0,615.0,1770.0,0,1,0
0.0,1164.0,5022.0,0,0,0
1696.0,64277.0,58437.0,0,0,1
0.0,12710.0,10879.0,0,0,0
286.0,81565.0,41572.0,1,0,0
0.0,12733.0,22850.0,0,1,0
0.0,18236.0,36875.0,0,0,0
5677.0,387652.0,153927.0,0,0,1
0.0,2170.0,1606.0,0,0,0
0.0,13425.0,9495.0,1,0,0
76.0,2363.0,5359.0,0,1,0
170.0,6912.0,21561.0,0,0,0
1133.0,28513.0,21764.0,0,0,1
0.0,1089.0,1589.0,0,0,0
0.0,3488.0,1727.0,1,0,0
188.0,3325.0,10535.0,0,1,0
0.0,1369.0,3146.0,0,0,0
1901.0,75588.0,62291.0,0,0,1
39.0,3506.0,7281.0,0,0,0
0.0,5829.0,8334.0,1,0,0
0.0,3200.0,6126.0,0,1,0
0.0,1336.0,8040.0,0,0,0
665.0,69234.0,55963.0,0,0,1
483.0,5573.0,5303.0,0,0,0
131.0,14352.0,13388.0,1,0,0
723.0,24783.0,39671.0,0,1,0
822.0,35846.0,52043.0,0,0,0
14543.0,286791.0,154771.0,0,0,1
0.0,2912.0,4945.0,0,0,0
175.0,3819.0,3280.0,1,0,0
0.0,2959.0,3891.0,0,1,0
0.0,19315.0,45456.0,0,0,0
1281.0,93730.0,51230.0,0,0,1
0.0,8261.0,10335.0,0,0,0
267.0,1396.0,2715.0,1,0,0
0.0,6690.0,9979.0,0,1,0
0.0,2210.0,10431.0,0,0,0
842.0,77718.0,44391.0,0,0,1
0.0,2812.0,1290.0,0,0,0
553.0,15265.0,3334.0,1,0,0
0.0,1044.0,1703.0,0,1,0
369.0,14108.0,33056.0,0,0,0
4769.0,74848.0,26644.0,0,0,1
636.0,24020.0,12395.0,0,0,0
3086.0,116577.0,51482.0,1,0,0
2912.0,173804.0,176614.0,0,1,0
891.0,62297.0,144232.0,0,0,0
43540.0,623478.0,169961.0,0,0,1
318.0,1852.0,2219.0,0,0,0
523.0,7579.0,2914.0,1,0,0
311.0,14601.0,31435.0,0,1,0
486.0,17679.0,35051.0,0,0,0
11145.0,154284.0,63342.0,0,0,1
